{
  "model": "fasterrcnn_resnet50_fpn",
  "fold_scores": [
    0.17540453601490225,
    0.1435651541612461,
    0.14000618811881188,
    0.11799950632665367,
    0.1372745707221498
  ],
  "avg_score": 0.14284999106875274
}