{
  "model": "fasterrcnn_resnet50",
  "fold_scores": [
    0.7032381707715953,
    0.7003887308208488,
    0.6970315200388832,
    0.6988095683838988,
    0.6848129232746134
  ],
  "avg_score": 0.6968561826579679
}