{
  "model": "rtdetr-l",
  "fold_scores": [
    0.031772594494113876,
    0.06580345622298077,
    0.05939737345099064,
    0.12166685180284222,
    0.047197400150592025
  ],
  "avg_score": 0.06516753522430391
}