{
  "model": "yolov8m",
  "fold_scores": [
    0.2841489000704968,
    0.3308850930843574,
    0.2664590803653538,
    0.34161497118257944,
    0.24763162680638995
  ],
  "avg_score": 0.2941479343018355
}